Gender,AgeGroup,FoodCategory,TotalDryMatter,TotalFat,TotalProtein,TotalCarbohydrates,TotalCalories,PercentageDryMatter,PercentageFat,PercentageProtein,PercentageCarbohydrates,PercentageCalories
Female,0-9,Dairy and alternatives,0.0,0.0,0.0,0.0,0.0,,,,,
Female,0-9,Eggs,0.0,0.0,0.0,0.0,0.0,,,,,
Female,0-9,Fish,0.0,0.0,0.0,0.0,0.0,,,,,
Female,0-9,Fruits and nuts,0.0,0.0,0.0,0.0,0.0,,,,,
Female,0-9,Grains and cereals,0.0,0.0,0.0,0.0,0.0,,,,,
Female,0-9,Legumes,0.0,0.0,0.0,0.0,0.0,,,,,
Female,0-9,Poultry,0.0,0.0,0.0,0.0,0.0,,,,,
Female,0-9,Red meat,0.0,0.0,0.0,0.0,0.0,,,,,
Female,0-9,Starchy vegetables,0.0,0.0,0.0,0.0,0.0,,,,,
Female,0-9,Vegetables,0.0,0.0,0.0,0.0,0.0,,,,,
Female,10-19,Dairy and alternatives,225.92734664242187,85.78194126118882,54.016070458002694,81.24153039156852,1324.7359290062266,21.94596646355937,30.70918639304841,23.69933527211724,17.310129415815126,24.48175441649014
Female,10-19,Eggs,1.471583850931677,0.45491925465838506,0.45037732919254675,0.5370372670807454,8.084627329192546,0.14294564301671886,0.16285712330238064,0.19760125520040558,0.1144265075938077,0.1494077849693516
Female,10-19,Fish,31.24112500000001,6.614231632653063,17.087853061224497,6.736959183673471,156.17733673469388,3.0346777037974104,2.3678372052165058,7.4972273129993345,1.4354436059534756,2.886231980005646
Female,10-19,Fruits and nuts,214.65360861056755,74.54508297455969,22.902760861056755,102.40701448140899,1201.9589432485323,20.850866288910687,26.686489185186428,10.048494896075756,21.819858208190734,22.2127769187849
Female,10-19,Grains and cereals,338.8758325262308,28.346118482647295,48.75607901533495,235.92605318805488,1446.0988841807907,32.91747442907826,10.147663053609318,21.391535025426357,50.26875409121482,26.72459995180529
Female,10-19,Legumes,0.187,0.01581666666666667,0.0476,0.09241666666666665,0.7660833333333334,0.018164670145845118,0.005662228642092298,0.02088430997271202,0.019691215225363032,0.014157586896055775
Female,10-19,Poultry,5.7333229813664595,1.5351673913043478,3.465653416149069,0.6775745341614907,30.494863354037264,0.5569193625460698,0.5495765294067181,1.520541600858098,0.144370777097194,0.5635596795189332
Female,10-19,Red meat,118.95167714285714,37.19696028571428,68.92546862857142,11.438707657142857,659.2673765714286,11.554641596765048,13.316187181994168,30.240774198603432,2.4372449526796194,12.183576858320102
Female,10-19,Starchy vegetables,18.917771428571427,3.6823832142857147,1.7296596428571427,11.928435,90.57858214285716,1.8376207374037068,1.3182610562964259,0.7588812632083808,2.5415911367367356,1.6739355782996097
Female,10-19,Vegetables,73.51166907364448,41.16379681647094,10.540779364377329,18.343693958786524,492.9525518327633,7.140723104776876,14.736280043297542,4.624724865538287,3.9084900894931343,9.109999244909975
Female,20-29,Dairy and alternatives,304.4973153167292,115.6140290446132,72.8010516781449,109.49461525615115,1785.4347421007055,24.255482165446036,32.16878532816225,28.719143687537173,18.974475871780093,26.68634402974559
Female,20-29,Eggs,6.43959555106168,1.9907095382541289,1.970834243343445,2.3500548702392994,35.37802494101786,0.5129618134038135,0.5539008398549174,0.7774705243151137,0.40724431359842483,0.5287844592729849
Female,20-29,Fish,22.754440568475456,4.817468660022148,12.445919822812847,4.906857142857143,113.7515991140642,1.8125608983424608,1.34042655921628,4.909766431605449,0.8503161753261126,1.7002101708405093
Female,20-29,Fruits and nuts,285.2994067523052,99.07901426212605,30.440411083439507,136.11073518836875,1597.542084985716,22.72622556653681,27.56803449081738,12.008377896489133,23.586820727943213,23.87797026497048
Female,20-29,Grains and cereals,377.41899296957877,31.57015775531586,54.30151246235168,262.75988094438844,1610.5757100860794,30.064237654614455,8.784172958932885,21.42129684817497,45.53402931630487,24.072779851219366
Female,20-29,Legumes,0.22063100775193795,0.01866121447028424,0.05616062015503876,0.10903733850129196,0.9038595607235141,0.01757490527660328,0.005192350852384198,0.022154692585271366,0.018895233739813114,0.013509710897449269
Female,20-29,Poultry,18.031639703404107,4.828192197505896,10.89968486686889,2.131011964947758,95.90814796090322,1.4363545858679625,1.3434103076257404,4.299795245052134,0.3692860604768817,1.4335095937077067
Female,20-29,Red meat,86.58317767441866,27.075120744186062,50.169835683720954,8.326067200000004,479.87103479069793,6.896995856022663,7.533460724024263,19.79139980217422,1.4428358949308664,7.172484786124024
Female,20-29,Starchy vegetables,32.58117209302326,6.341992325581398,2.978910000000001,20.54377255813954,155.99915581395354,2.5953333539562933,1.7646144794050498,1.175144346821631,3.5600592395145956,2.3316714087813124
Female,20-29,Vegetables,121.54885957803704,68.06283440431235,17.42879364526788,30.330627902154497,815.0790378780474,9.682273200532896,18.938001961108846,6.875450525244908,5.256037166385129,12.182735724440576
Female,30-39,Dairy and alternatives,284.7227536972285,108.10586189035308,68.07323041352555,102.38385300153458,1669.4856432111364,21.13318461602183,28.165065707640522,25.69133004398914,16.356240768867796,23.29784054820135
Female,30-39,Eggs,6.597738615899151,2.0395972215075893,2.0192338307177775,2.407767326987394,36.2468356058657,0.4897087654832214,0.5313808960622928,0.7620734680258607,0.3846507135752038,0.5058282470150763
Female,30-39,Fish,29.03734023668639,6.14765615263857,15.882456321700282,6.261726361550537,145.160408404782,2.155259683364413,1.6016628188271902,5.9941540131312685,1.0003364885745412,2.0257281412863835
Female,30-39,Fruits and nuts,350.745332199939,121.80712945394555,37.42325376453812,167.3336989132614,1964.0083927274788,26.033626615143856,31.734688061680345,14.123806934740028,26.732245250913856,27.407935225536527
Female,30-39,Grains and cereals,403.93190608570507,33.78789683368959,58.11608276434129,281.2182257114834,1723.7153630020032,29.98133248138043,8.802837494686925,21.93343042621082,44.92576586526675,24.05462175791042
Female,30-39,Legumes,0.7878343195266271,0.06663589743589743,0.2005396449704142,0.3893530571992109,3.2275226824457595,0.058476001321267804,0.017360801689673442,0.0756851140241412,0.06220074905316951,0.04504040458634524
Female,30-39,Poultry,16.84710702341136,4.511019076408539,10.183663853871877,1.9910217391304341,89.60775945459218,1.2504551123800678,1.1752660445400331,3.8433884735236665,0.31807389531217545,1.250485321718126
Female,30-39,Red meat,88.211244260355,27.58422771597632,51.113204075739624,8.482626385798813,488.89428871005896,6.547367521407982,7.186581490862895,19.290493304614543,1.355134383508664,6.822569112595104
Female,30-39,Starchy vegetables,36.67128047337278,7.138140355029588,3.3528702958579886,23.12275455621302,175.5826579881657,2.7218791975221297,1.8597159174743079,1.2653975261979031,3.6939549516190437,2.4502737028450827
Female,30-39,Vegetables,129.72549463154567,72.6414455041076,18.601234798191836,32.370980038411766,869.9096949128417,9.628710005974803,18.925440766535814,7.020240695542627,5.171396933308812,12.139677538305575
Female,40-49,Dairy and alternatives,258.07595086418326,97.98838603188362,61.70235233833457,92.80189192258082,1513.2408254381482,20.21748702045441,26.52932085693903,24.137236801869257,15.90722104321059,22.19226202141996
Female,40-49,Eggs,8.514492187500004,2.6321343750000006,2.605855078125001,3.1072640625000014,46.77714843750001,0.6670192813786597,0.7126225892753525,1.0193799540601822,0.5326177651964992,0.686004975076775
Female,40-49,Fish,36.041289062499985,7.630500956632648,19.71338265306122,7.7720854591836686,180.1738105867346,2.823449032664848,2.065877563406546,7.711644163154177,1.332217251229066,2.642318622867432
Female,40-49,Fruits and nuts,328.2649404378501,114.00012038452975,35.02467756578398,156.60874618766044,1838.128804207749,25.716042701185838,30.86432886471667,13.701243214826583,26.84438745047837,26.956869895633833
Female,40-49,Grains and cereals,365.13412946249645,30.54255955240196,52.53401617505729,254.20713364584645,1558.1520029203289,28.60434882992213,8.269075499357562,20.55069118949596,43.57377831304238,22.850901810685798
Female,40-49,Legumes,0.7561584228515623,0.06395671508789062,0.192476689453125,0.373698614501953,3.0977559631347655,0.059236914746287624,0.017315605289900372,0.07529462420970848,0.06405587581536874,0.04542978940077028
Female,40-49,Poultry,15.307168817934782,4.098681776494565,9.252808899456523,1.8090290421195652,81.41701120923912,1.1991527527466748,1.1096748129286742,3.6195903563610154,0.31008661839125107,1.1940119612046325
Female,40-49,Red meat,88.63009546874996,27.715205203124984,51.35590360312497,8.522904224999996,491.21569303124977,6.94321884220856,7.503599163378065,20.089827364206712,1.4609154902821513,7.2038681388512815
Female,40-49,Starchy vegetables,37.611446875,7.32114568359375,3.43883009765625,23.7155682421875,180.0841892578125,2.946454082488301,1.9821228897193548,1.3452300154358179,4.065098010162749,2.6410042914135663
Female,40-49,Vegetables,138.1629882149997,77.36612766527078,19.811080246843535,34.4764253646368,926.489609985501,10.823590542204286,20.94606215498885,7.74986231638059,5.909622182191587,13.587328493445952
Female,50-59,Dairy and alternatives,245.7303767881727,93.3009175781416,58.7506981493013,88.3625296833341,1440.8519544769727,19.28321980534061,25.064497557663003,23.022770803281798,15.272636788739009,21.11508308489837
Female,50-59,Eggs,9.459062851993691,2.924134985357062,2.894940346924983,3.451974048209056,51.96645640910113,0.7422818070423663,0.7855439807156812,1.1344469120529015,0.5966414274397298,0.7615466955480721
Female,50-59,Fish,44.961963298791034,9.519146314899018,24.592693835254323,9.695774770011633,224.7691042613937,3.528303795821043,2.5572376537561547,9.637195326011202,1.67582398306707,3.293897264497456
Female,50-59,Fruits and nuts,366.1963810343964,127.17298248974629,39.07182458894058,174.70509039363432,2050.526977014776,28.73655833561724,34.163939559815596,15.311165496131332,30.196140833539754,30.049615682555853
Female,50-59,Grains and cereals,335.86822784419877,28.094539849758963,48.32335706396151,233.83215260832904,1433.2644080769014,26.356614708375908,7.547359058480714,18.936584741537494,40.415700513716324,21.00389076416742
Female,50-59,Legumes,1.0578580310880827,0.0894748013816926,0.2692729533678757,0.5228006044905008,4.3337294473229715,0.08301337914726285,0.02403664400005021,0.10552060969823757,0.09036119465944357,0.06350899345582814
Female,50-59,Poultry,16.926445145303,4.532262829466097,10.23162180671323,2.0003980626267186,90.02974949312909,1.3282703039245414,1.217553841576083,4.009489099230732,0.3457500951238305,1.3193483443967449
Female,50-59,Red meat,84.22514777202072,26.33774951295336,48.80349667979274,8.099312812435233,466.80209599999995,6.6094068582543315,7.0754122840096985,19.12473815378745,1.3998904656306368,6.8407895832869405
Female,50-59,Starchy vegetables,40.68813264248704,7.920028911917099,3.7201327461139897,25.65554549222798,194.81540829015546,3.1929231357923658,2.127648371229668,1.4578169497477584,4.434321078447692,2.8549383713458902
Female,50-59,Vegetables,129.20873908112438,72.35208164188843,18.527137633606287,32.24203172601614,866.4444495924188,10.139407870684334,19.436771048753368,7.260271908521091,5.5727336196365025,12.697381215847425
Female,60-69,Dairy and alternatives,251.00987659948748,95.30548121080112,60.01295275472693,90.26099240043075,1471.808557080285,19.448336432900756,24.85375498771532,23.710274697942207,15.44159135083828,21.19942211656241
Female,60-69,Eggs,8.877834782608694,2.7444565797101443,2.7170558550724637,3.23986168115942,48.773289855072456,0.6878578643476166,0.7156991448967027,1.0734706048661493,0.5542662315494873,0.7025136215421056
Female,60-69,Fish,48.219498333333355,10.208817102040818,26.374456816326543,10.398242448979595,241.0538297959184,3.736064249410811,2.662254423828093,10.420177435359754,1.7789014544816426,3.4720561081633314
Female,60-69,Fruits and nuts,393.30744869657946,136.58813652087605,41.96447709720285,187.63924750684927,2202.3361660077103,30.473604016872972,35.61944219986515,16.579575472593515,32.10078356468125,31.7216894827595
Female,60-69,Grains and cereals,316.5124274789961,26.475475408401863,45.538523088119284,220.35660449262002,1350.666599015439,24.52349787266573,6.904272142840073,17.991630842940758,37.69797503375438,19.454535193131182
Female,60-69,Legumes,0.8726666666666667,0.07381111111111113,0.22213333333333338,0.4312777777777777,3.5750555555555565,0.06761453038037965,0.019248455048130886,0.0877617599392,0.07378176359503781,0.05149386545403105
Female,60-69,Poultry,9.648147826086957,2.583409652173913,5.8320692173913065,1.1402356521739134,51.31735130434783,0.7475419988174375,0.6737013413322189,2.304168631177193,0.19506824062397657,0.7391574039784924
Female,60-69,Red meat,80.98460853333334,25.324411893333334,46.925795658666665,7.787693994666667,448.8420146133334,6.274716891543415,6.604097900861959,18.53972275008339,1.33229632239725,6.464965355489021
Female,60-69,Starchy vegetables,47.39445866666666,9.2254291,4.333294899999999,29.884160599999994,226.925401,3.672139876293713,2.405806587354533,1.712023949998017,5.112496368318456,3.2685550995249293
Female,60-69,Vegetables,133.8226335556682,74.93569070798776,19.188720267758757,33.39335734908667,897.384177716874,10.36862626676716,19.541722816257824,7.581193855099815,5.7128396697602435,12.925611753395
Female,70-79,Dairy and alternatives,253.45953666794162,96.23558816431924,60.598632234534215,91.1418690887022,1486.1722574236048,19.394901370930786,25.776245035788126,23.50334130035401,15.075387514584564,21.372822551650273
Female,70-79,Eggs,9.843260869565217,3.0429043478260867,3.012523913043479,3.5921826086956528,54.077173913043474,0.7532132199218471,0.8150274715015569,1.1684154426077715,0.5941675915877288,0.7776903628532583
Female,70-79,Fish,65.20819642857144,13.805588483965016,35.666707871720135,14.061752186588924,325.98193731778423,4.989776888787268,3.6977612795208734,13.83342787217786,2.32589440469531,4.687985572691478
Female,70-79,Fruits and nuts,375.1211438356164,130.2723815068493,40.02406438356164,178.96291917808216,2100.501438356164,28.704532812170736,34.892838410076074,15.523440228707047,29.601492533855644,30.207564625986947
Female,70-79,Grains and cereals,353.63180040976965,29.58041840552702,50.87910776812119,246.19918844760022,1509.0676374622492,27.060153193437397,7.9229745214431935,19.733597786554675,40.72275682663044,21.702083774482443
Female,70-79,Legumes,0.0,0.0,0.0,0.0,0.0,0.0,0.0,0.0,0.0,0.0
Female,70-79,Poultry,0.8349068322981367,0.22355652173913043,0.5046807453416151,0.09867080745341618,4.440770186335404,0.06388765591232436,0.059878552140785204,0.19574177449373584,0.01632071707120165,0.06386325186135722
Female,70-79,Red meat,78.60106285714286,24.579061714285718,45.544671771428575,7.558485942857144,435.63165942857154,6.014608413657041,6.583384895153448,17.664622543187544,1.2502168953899173,6.2648714564142045
Female,70-79,Starchy vegetables,53.815599999999996,10.4753175,4.9203825,33.932955,257.669925,4.118007426111891,2.8057640199240894,1.9083834892214706,5.612705239148657,3.705582281201426
Female,70-79,Vegetables,116.32040644836044,65.1350953799292,16.67908993766062,29.025948722682124,780.0182190326741,8.900919019070713,17.44612581445184,6.469029562695888,4.8010582770365335,11.217536122858615
Female,80-89,Dairy and alternatives,0.0,0.0,0.0,0.0,0.0,,,,,
Female,80-89,Eggs,0.0,0.0,0.0,0.0,0.0,,,,,
Female,80-89,Fish,0.0,0.0,0.0,0.0,0.0,,,,,
Female,80-89,Fruits and nuts,0.0,0.0,0.0,0.0,0.0,,,,,
Female,80-89,Grains and cereals,0.0,0.0,0.0,0.0,0.0,,,,,
Female,80-89,Legumes,0.0,0.0,0.0,0.0,0.0,,,,,
Female,80-89,Poultry,0.0,0.0,0.0,0.0,0.0,,,,,
Female,80-89,Red meat,0.0,0.0,0.0,0.0,0.0,,,,,
Female,80-89,Starchy vegetables,0.0,0.0,0.0,0.0,0.0,,,,,
Female,80-89,Vegetables,0.0,0.0,0.0,0.0,0.0,,,,,
Female,90-99,Dairy and alternatives,0.0,0.0,0.0,0.0,0.0,,,,,
Female,90-99,Eggs,0.0,0.0,0.0,0.0,0.0,,,,,
Female,90-99,Fish,0.0,0.0,0.0,0.0,0.0,,,,,
Female,90-99,Fruits and nuts,0.0,0.0,0.0,0.0,0.0,,,,,
Female,90-99,Grains and cereals,0.0,0.0,0.0,0.0,0.0,,,,,
Female,90-99,Legumes,0.0,0.0,0.0,0.0,0.0,,,,,
Female,90-99,Poultry,0.0,0.0,0.0,0.0,0.0,,,,,
Female,90-99,Red meat,0.0,0.0,0.0,0.0,0.0,,,,,
Female,90-99,Starchy vegetables,0.0,0.0,0.0,0.0,0.0,,,,,
Female,90-99,Vegetables,0.0,0.0,0.0,0.0,0.0,,,,,
Male,0-9,Dairy and alternatives,0.0,0.0,0.0,0.0,0.0,,,,,
Male,0-9,Eggs,0.0,0.0,0.0,0.0,0.0,,,,,
Male,0-9,Fish,0.0,0.0,0.0,0.0,0.0,,,,,
Male,0-9,Fruits and nuts,0.0,0.0,0.0,0.0,0.0,,,,,
Male,0-9,Grains and cereals,0.0,0.0,0.0,0.0,0.0,,,,,
Male,0-9,Legumes,0.0,0.0,0.0,0.0,0.0,,,,,
Male,0-9,Poultry,0.0,0.0,0.0,0.0,0.0,,,,,
Male,0-9,Red meat,0.0,0.0,0.0,0.0,0.0,,,,,
Male,0-9,Starchy vegetables,0.0,0.0,0.0,0.0,0.0,,,,,
Male,0-9,Vegetables,0.0,0.0,0.0,0.0,0.0,,,,,
Male,10-19,Dairy and alternatives,360.48739756800717,136.87280102713873,86.18749768736171,129.62816719859455,2113.735298578602,21.161763686436835,32.57084054190263,23.658517781103527,15.662143754551847,24.19531374116022
Male,10-19,Eggs,6.819744245524297,2.108227109974424,2.087178516624041,2.4887856777493607,37.466496163682855,0.40034080830383706,0.5016827924159903,0.5729317055590539,0.3007040823115399,0.42886809435025974
Male,10-19,Fish,20.24141666666667,4.285422448979592,11.071379591836738,4.364938775510204,101.1887551020408,1.1882359246633456,1.019777561304738,3.0391000778901276,0.5273876816997807,1.158278275627832
Male,10-19,Fruits and nuts,240.530226833199,83.53153638195005,25.66370209508461,114.75224004834809,1346.855797743755,14.119893938120128,19.877523739557155,7.044701013921372,13.864780461183251,15.41706693947183
Male,10-19,Grains and cereals,712.9908311731472,59.63990535061482,102.58222618810235,496.3856864739115,3042.575322366234,41.85484314201551,14.192168440564634,28.158880202090884,59.97511302729116,34.8274755856452
Male,10-19,Legumes,0.0,0.0,0.0,0.0,0.0,0.0,0.0,0.0,0.0,0.0
Male,10-19,Poultry,7.768081841432226,2.0799989769820972,4.6956153452685445,0.9180460358056268,41.31750383631714,0.4560112595733054,0.4949655044552771,1.2889491181451083,0.1109216406960051,0.4729494601303832
Male,10-19,Red meat,192.41501882352944,60.16942329411764,111.49313454117647,18.503136752941177,1066.4241792941177,11.295377274032607,14.318174808319812,30.604929679959664,2.235615869587319,12.207047692552397
Male,10-19,Starchy vegetables,52.83190588235295,10.283839411764706,4.830442941176471,33.31269529411765,252.9599823529412,3.101401921201719,2.4471866662004564,1.3259593709168263,4.0249602676918075,2.895559411390588
Male,10-19,Vegetables,109.40003405572753,61.259944582043325,15.686783281733744,27.299077399380803,733.611773993808,6.4221320456527105,14.577679945279307,4.306031050413432,3.2983732149872997,8.397440799671282
Male,20-29,Dairy and alternatives,463.12771441414856,175.84411530836564,110.72736268815693,166.5367422090103,2715.5717628728967,25.73862809777251,36.1816562964034,28.405703955182197,20.005813050486502,28.73751027922159
Male,20-29,Eggs,12.404962270930648,3.8348179662234987,3.796531045634207,4.5270454904779,68.15071864893997,0.6894139575781545,0.789051515143711,0.9739520053653205,0.5438272933181516,0.7212042798818564
Male,20-29,Fish,32.080069559228654,6.791849232585596,17.54672774498229,6.917872491145219,160.3712998819362,1.7828710181599836,1.397489783035761,4.501390998626746,0.8310338122938657,1.697127633251569
Male,20-29,Fruits and nuts,266.8044824086037,92.65608161853501,28.46706979125739,127.28717057486075,1493.9792338251389,14.827835030820054,19.06490014189201,7.30286658447123,15.290819938402011,15.810019891933539
Male,20-29,Grains and cereals,634.7802297256505,53.097783539499126,91.32960237133653,441.9353045171411,2708.823981524958,35.278329817499646,10.925391223686777,23.42945396984668,53.08903588064423,28.6661019524377
Male,20-29,Legumes,0.7847818181818182,0.0663777134986226,0.19976264462809923,0.3878444903581267,3.2150174931129487,0.04361476700142491,0.013657867431825527,0.051246579046508534,0.04659118620819337,0.03402288958788787
Male,20-29,Poultry,29.73171936758894,7.9610317103844785,17.97209665828244,3.513748652533239,158.13948077614089,1.652359907844749,1.6380605777155415,4.61051401149007,0.42210143969764513,1.6735094304955116
Male,20-29,Red meat,161.5220588429752,50.5089945123967,93.59248954710745,15.532388072727274,895.2057385785125,8.976694921842189,10.392722418488127,24.009969044336053,1.865882854971424,9.473505530637038
Male,20-29,Starchy vegetables,42.95897520661157,8.362053099173554,3.927756818181818,27.08740537190083,205.6882376033058,2.3874733726594397,1.7205746728345521,1.0076163170203851,3.25397002910552,2.1766936610751015
Male,20-29,Vegetables,155.1538786526208,86.88039350250106,22.247390421325516,38.71623787607298,1040.4266611323792,8.62277910882185,17.876495503368286,5.707286534614813,4.6509245148724565,11.010304451478195
Male,30-39,Dairy and alternatives,421.5050949296158,160.04049900064155,100.77597619096782,151.56960628641087,2471.5155195276216,25.172294811851277,35.4489735732897,28.125144883286247,19.46430872095171,28.127164474734556
Male,30-39,Eggs,9.938296035805626,3.0722831202046037,3.041609367007673,3.626864578005115,54.59928069053707,0.593515287834246,0.6805107695731468,0.8488700120685956,0.46575572481186167,0.6213689277089613
Male,30-39,Fish,46.614827818627454,9.869083418367346,25.496755582232893,10.052204981992794,233.0319302220888,2.7838386832550976,2.1860021649201005,7.115782668730014,1.2908869125520621,2.6520276233079527
Male,30-39,Fruits and nuts,289.5863808924255,100.56779819198228,30.897815662771958,138.15596622683316,1621.547117747784,17.29410591000904,22.275769212749207,8.62314189292287,17.741752084511113,18.454070841983217
Male,30-39,Grains and cereals,568.7125285459904,47.571385060286765,81.82404974734494,395.9388347590964,2426.8905422352113,33.96352642936274,10.53706269586259,22.835931152086978,50.84578566366499,27.61930843819839
Male,30-39,Legumes,1.0606749999999998,0.08971306372549019,0.26999,0.524192769607843,4.3452697303921575,0.06334353752952555,0.019871445321918223,0.07535037767978506,0.0673159358721151,0.049451486518355146
Male,30-39,Poultry,20.633967391304342,5.524997282608695,12.472728260869566,2.4385597826086953,109.74961956521736,1.2322610487039793,1.2237870032066567,3.48096146210545,0.3131556623133357,1.2490091913889416
Male,30-39,Red meat,139.26080735294119,43.54775691176471,80.69340961764706,13.391687294117649,771.8269244117648,8.316658898298781,9.645828984418518,22.52038553635063,1.7197374999747697,8.783801953672338
Male,30-39,Starchy vegetables,49.33762352941176,9.603670147058823,4.510959264705882,31.109406176470586,236.22930441176467,2.9464441112055035,2.127213120275979,1.2589447175588493,3.995016552329688,2.68841544649163
Male,30-39,Vegetables,127.83000811579006,71.58004365068541,18.32944250449876,31.897990851984858,857.1989929701305,7.634011281949801,15.854981030382184,5.11548729721059,4.096285243018354,9.755381615995647
Male,40-49,Dairy and alternatives,391.36056950116006,148.59497924360716,93.56884153611071,140.72989425008382,2294.7616360718025,24.355569987042003,33.88100457878995,27.16412435793526,18.985906325146633,27.129850480213452
Male,40-49,Eggs,7.954802040320621,2.459114112217634,2.434562254068497,2.9030117075540445,43.702307505465136,0.4950517577001818,0.5607003474809334,0.7067817741564048,0.39164605810390735,0.5166711215780849
Male,40-49,Fish,40.28940968342645,8.529894105575192,22.036962900467458,8.688166913692852,201.41056709611217,2.507333680886807,1.944893311461059,6.397586962412934,1.1721228388581169,2.3811791536685547
Male,40-49,Fruits and nuts,294.9042493686386,102.4145919606643,31.46521292569068,140.693016675595,1651.3246724573355,18.352796997738103,23.35145693896958,9.13471774182982,18.980931162062245,19.522808275087087
Male,40-49,Grains and cereals,522.4783706892513,43.704013029703546,75.17206681641062,363.7505187487781,2229.593604329514,32.51543337709706,9.964911823456415,21.82332641636843,49.07367628952569,26.359400543511285
Male,40-49,Legumes,0.6508435754189944,0.055049068901303545,0.16566927374301677,0.32165130353817495,2.6663123836126634,0.04050399423717872,0.012551687580544075,0.048095719476310445,0.04339406030878517,0.031522514218417806
Male,40-49,Poultry,20.793179499635656,5.56762827301433,12.56896808355599,2.4573757590478507,110.59644984211803,1.2940234096705598,1.269469802891166,3.648917807119254,0.33152519736893654,1.307528024128605
Male,40-49,Red meat,144.32735843575412,45.1321002681564,83.62917661229046,13.878900236871502,799.9073342122902,8.981934700032388,10.290528681517344,24.278523877751272,1.8724060100907867,9.456915277856131
Male,40-49,Starchy vegetables,57.402324022346335,11.173480726256978,5.248318156424578,36.194532402234614,274.8432150837987,3.57232288865262,2.5476550659676525,1.5236478803267723,4.883013700345346,3.249337627714853
Male,40-49,Vegetables,126.70159321273643,70.9481733316012,18.167639995122357,31.616412459044103,849.6320989926703,7.8850292069430905,16.17682776188536,5.274277462623539,4.265378358189541,10.044786982023531
Male,50-59,Dairy and alternatives,372.7620884182909,141.53335595847605,89.12220468796451,134.0420404396181,2185.708542315895,22.92815166769544,31.44499233554086,25.585397048494574,18.035351177109536,25.450820187295665
Male,50-59,Eggs,10.303471467391308,3.1851719202898554,3.1533710824275376,3.7601310688405807,56.60549139492754,0.6337542466041418,0.7076614974796427,0.9052766531935347,0.50592548484107,0.6591254758877171
Male,50-59,Fish,60.086237413194446,12.721190167942177,32.865167176870756,12.957232780612244,300.3767800807823,3.695832831060184,2.826314154857313,9.435003927802795,1.7433951521139877,3.497646310232498
Male,50-59,Fruits and nuts,331.559763270548,115.14434918664386,35.3762232020548,158.18064135273974,1856.5782577054797,20.39384576749597,25.582048508177284,10.155883372384404,21.28319896400112,21.618362414614975
Male,50-59,Grains and cereals,486.93851455570916,40.73119267450858,70.05873660067006,339.00759764416136,2077.9329033714935,29.951007523188334,9.049400636293308,20.112615020239815,45.613458696750655,24.19585944836818
Male,50-59,Legumes,1.1387520833333333,0.09631690972222225,0.2898641666666667,0.5627789930555555,4.665128298611112,0.07004328307462522,0.02139908622591295,0.08321483765200441,0.07572189099455899,0.05432167152204688
Male,50-59,Poultry,18.428736413043474,4.9345197010869555,11.139720108695654,2.1779415760869565,98.02025815217388,1.133529606820148,1.0963206032207578,3.1980151634261254,0.29304195190649995,1.1413671661364293
Male,50-59,Red meat,139.26301114583333,43.548446052083335,80.69468658541666,13.391899216666667,771.8391385208333,8.565901792213882,9.675320302121802,23.166006756905645,1.8018795036908015,8.987446746763835
Male,50-59,Starchy vegetables,73.24793333333331,14.257861249999996,6.697088749999998,46.18584249999999,350.7122374999999,4.505393056300687,3.167722087074592,1.9226148560583776,6.214303260128317,4.083762277215178
Male,50-59,Vegetables,132.05491230251653,73.94583264314099,18.93524813276308,32.952249997276006,885.5302405984396,8.122540225546583,16.42882078900853,5.435972363842716,4.433723918463447,10.311288301963485
Male,60-69,Dairy and alternatives,338.0197287110965,128.34209290879065,80.8157921278627,121.54898674791923,1981.995035090839,21.04262158359098,29.01275583158234,24.091701362615932,16.358259992741214,23.40509081359167
Male,60-69,Eggs,9.223331202046035,2.8512618925831195,2.8227948209718674,3.365946547314578,50.67138746803068,0.5741767469160467,0.6445505385376442,0.8414930800554123,0.4529945515451535,0.5983710374358195
Male,60-69,Fish,74.00093218954255,15.667147278911575,40.47604097639059,15.957852340936386,369.9376544617849,4.606753631911313,3.541683856624777,12.066165112895202,2.1476336784294925,4.368539902850128
Male,60-69,Fruits and nuts,382.75797264470873,132.92450574049832,40.83888629633362,182.60629998824876,2143.2640769372824,23.827695522911263,30.048646875531006,12.174331609302982,24.57545234593579,25.30949344982931
Male,60-69,Grains and cereals,463.3830145957512,38.7608338330256,66.66966689708022,322.60821001301747,1977.4135421810518,28.84681749666735,8.762196270441855,19.874651507323115,43.41713671484917,23.350988630832926
Male,60-69,Legumes,1.1689333333333332,0.09886967320261439,0.2975466666666666,0.5776947712418299,4.788771895424837,0.07276918978537557,0.0223502798089349,0.08870055277604245,0.07774710030302072,0.056549910122684476
Male,60-69,Poultry,15.50385763000852,4.151347612958226,9.371702472293265,1.8322740835464617,82.4631756180733,0.9651561180707767,0.9384453061114888,2.793764080967746,0.24659042118364474,0.9737956351791289
Male,60-69,Red meat,120.12876019607842,37.56504178431372,69.60751870980391,11.551899074509803,665.7911387843137,7.4783328527919775,8.491877920878387,20.75044380801328,1.5546733339920078,7.862230626333168
Male,60-69,Starchy vegetables,85.42029215686276,16.627235992647062,7.810012536764708,53.86101669117648,408.9936797794119,5.317638974123111,3.7587195835398846,2.3282143838462916,7.248703079153573,4.829746819715639
Male,60-69,Vegetables,116.75067119335336,65.37602761236751,16.740785254912865,29.133314599458753,782.9034766615746,7.268037883231818,14.778773536943687,4.990534502203997,3.9208087818669366,9.245193174109527
Male,70-79,Dairy and alternatives,283.1561106448538,107.51102605355307,67.69866795901424,101.82050163640001,1660.2995558682285,17.619545534381682,25.06751961795093,20.06928428299873,13.514857332499341,19.76716956309827
Male,70-79,Eggs,8.509063545150502,2.63045618729097,2.6041936454849504,3.105282943143813,46.74732441471571,0.5294811835326051,0.6133232515726476,0.7720137511547177,0.4121709800988573,0.5565635942386462
Male,70-79,Fish,72.42546794871797,15.333597017268449,39.61431459968605,15.618113029827319,362.0617598116169,4.506714785229833,3.575216962887759,11.743671852724926,2.0730262177917522,4.310629472383
Male,70-79,Fruits and nuts,355.9109657534247,123.60105495258169,37.97440811380401,169.79812107481558,1992.9335036880927,22.14675661774279,28.819107988792897,11.257521231820164,22.537675073015066,23.727437832615227
Male,70-79,Grains and cereals,514.7422605803397,43.056906707286664,74.05902670101015,358.3646229431738,2196.5809810539054,32.03012175195905,10.039248002670526,21.95481396302511,47.566518277302336,26.152020915805984
Male,70-79,Legumes,0.6904615384615385,0.058400000000000014,0.17575384615384618,0.3412307692307692,2.8286153846153854,0.04296435096864617,0.013616679139115646,0.05210226447036466,0.04529230449169395,0.0336768866430501
Male,70-79,Poultry,17.078695652173913,4.573029765886287,10.323653511705688,2.0183913043478263,90.83955183946487,1.0627312793145038,1.0662582023236076,3.060449243861555,0.26790548151912036,1.0815161745360793
Male,70-79,Red meat,134.71987076923077,42.12777661538461,78.06220516923077,12.955018830769232,746.6596344615385,8.383018441659818,9.822609880411497,23.141557057629843,1.7195479144555406,8.889569082974324
Male,70-79,Starchy vegetables,90.60695384615383,17.636830384615383,8.284231153846152,57.131420769230765,433.82749615384614,5.6380677972592474,4.112244184560157,2.455862059106811,7.583178127096516,5.165056900303145
Male,70-79,Vegetables,129.216983805668,72.35669838056678,18.528319838056678,32.24408906882591,866.4997368421053,8.040598257951832,16.87085522969086,5.492724293207777,4.2798282917297845,10.316359577402267
Male,80-89,Dairy and alternatives,0.0,0.0,0.0,0.0,0.0,,,,,
Male,80-89,Eggs,0.0,0.0,0.0,0.0,0.0,,,,,
Male,80-89,Fish,0.0,0.0,0.0,0.0,0.0,,,,,
Male,80-89,Fruits and nuts,0.0,0.0,0.0,0.0,0.0,,,,,
Male,80-89,Grains and cereals,0.0,0.0,0.0,0.0,0.0,,,,,
Male,80-89,Legumes,0.0,0.0,0.0,0.0,0.0,,,,,
Male,80-89,Poultry,0.0,0.0,0.0,0.0,0.0,,,,,
Male,80-89,Red meat,0.0,0.0,0.0,0.0,0.0,,,,,
Male,80-89,Starchy vegetables,0.0,0.0,0.0,0.0,0.0,,,,,
Male,80-89,Vegetables,0.0,0.0,0.0,0.0,0.0,,,,,
Male,90-99,Dairy and alternatives,0.0,0.0,0.0,0.0,0.0,,,,,
Male,90-99,Eggs,0.0,0.0,0.0,0.0,0.0,,,,,
Male,90-99,Fish,0.0,0.0,0.0,0.0,0.0,,,,,
Male,90-99,Fruits and nuts,0.0,0.0,0.0,0.0,0.0,,,,,
Male,90-99,Grains and cereals,0.0,0.0,0.0,0.0,0.0,,,,,
Male,90-99,Legumes,0.0,0.0,0.0,0.0,0.0,,,,,
Male,90-99,Poultry,0.0,0.0,0.0,0.0,0.0,,,,,
Male,90-99,Red meat,0.0,0.0,0.0,0.0,0.0,,,,,
Male,90-99,Starchy vegetables,0.0,0.0,0.0,0.0,0.0,,,,,
Male,90-99,Vegetables,0.0,0.0,0.0,0.0,0.0,,,,,
